"condition","amino_acid","replicate","mmol_cell_hr","method"
"E_0","Glu",1,1.16370665301767e-11,"CORE"
"E_0","Gly",1,-5.16915304456733e-12,"CORE"
"E_0","Met",1,-2.60695343126585e-12,"CORE"
"E_0","Phe",1,-2.63948847013617e-12,"CORE"
"E_0","Pro",1,1.50212620140271e-12,"CORE"
"E_0","Ser",1,-9.78198885000323e-12,"CORE"
"E_0","Thr",1,-1.77294920002777e-11,"CORE"
"E_0","Arg",2,2.80320850070482e-13,"CORE"
"E_0","Asn",2,-1.87464223833801e-12,"CORE"
"E_0","Cys",2,-7.87545298613925e-12,"CORE"
"E_0","Gly",2,9.5082998075883e-13,"CORE"
"E_0","Ile",2,-2.63908214494064e-12,"CORE"
"E_0","Leu",2,-3.0504864054106e-12,"CORE"
"E_0","Met",2,-5.57158912750747e-12,"CORE"
"E_0","Pro",2,6.91768645382823e-13,"CORE"
"E_0","Ser",2,-1.77889170601234e-11,"CORE"
"E_0","Thr",2,-9.29011768920501e-12,"CORE"
"E_0","Tyr",2,-3.25335877089103e-12,"CORE"
"E_0","Val",2,-1.18366882940929e-11,"CORE"
"E_0","Arg",3,-1.66999655361139e-12,"CORE"
"E_0","Asn",3,-3.72398057512465e-12,"CORE"
"E_0","Cys",3,-1.28340715329677e-11,"CORE"
"E_0","Gln",3,-1.57284129703833e-10,"CORE"
"E_0","Glu",3,7.36406080201885e-11,"CORE"
"E_0","Gly",3,1.31855428270976e-12,"CORE"
"E_0","Ile",3,-5.40383486821178e-12,"CORE"
"E_0","Leu",3,-1.56259609746543e-11,"CORE"
"E_0","Met",3,-8.39177621673965e-12,"CORE"
"E_0","Pro",3,2.25977757491722e-12,"CORE"
"E_0","Ser",3,-1.37279869631246e-11,"CORE"
"E_0","Thr",3,-6.66982808455744e-12,"CORE"
"E_0","Trp",3,-3.13070660829871e-13,"CORE"
"E_0","Tyr",3,-9.69085591329244e-13,"CORE"
"E_0","Val",3,-9.45446171918111e-12,"CORE"
"E_0","Glc",1,-2.85947103391608e-10,"CORE"
"E_0","Lac",1,9.11808791660002e-10,"CORE"
"E_0","Glc",2,-4.05964338336256e-10,"CORE"
"E_0","Lac",2,1.24366852855393e-09,"CORE"
"E_0","Glc",3,-6.06530053109524e-10,"CORE"
"E_0","Lac",3,1.66252062366276e-09,"CORE"
