"interval","mean_auc","metab_tp"
22,6085415.94208765,16
24,7005915.22298741,18
26,8015331.07929134,20
28,9122357.54912758,22
30,10336548.2777019,24
