Condition,MinSolution,MaxSolution,GrowthRate
CORE,NaN,NaN,0.0486
GP,0,0.0942144388824252,0.0486
HS_578T,NaN,NaN,0.013033577
SR,NaN,NaN,0.025987054
NCI_H226,0,0.00574464540376851,0.011473383
UO_31,0.0198221676410422,0.0198221676410422,0.019171008
MALME_3M,0,0.00474363173698314,0.020798529
HT29,NaN,NaN,0.035730055
X786_O,NaN,NaN,0.031111255
MDA_MB_231_ATCC,NaN,NaN,0.018027769
RPMI_8226,NaN,NaN,0.02270517
HOP_92,NaN,NaN,0.010926773
HOP_62,NaN,NaN,0.018333143
